file,baseline_line,function,job_surface,exact_literal_or_template,target_level,disposition,jargon_flag
MainActivity.kt,93,Platform,Platform,Nearby device permission is required to find the gauge,Default,Keep / rewrite concisely,
MainActivity.kt,99,Platform,Platform,Nearby Wi-Fi permission is required for automatic fast transfer,Default,Keep / rewrite concisely,
MainActivity.kt,106,Platform,Platform,Could not open selected update package,Default,Keep / rewrite concisely,
MainActivity.kt,110,Platform,Platform,Update package is invalid,Default,Keep / rewrite concisely,
MainActivity.kt,121,onCreate,Platform,debug_ota_pause_before_activation_ms,Details,Move,YES: inspect default exposure
MainActivity.kt,151,onCreate,Platform,application/zip,Default,Keep / rewrite concisely,
MainActivity.kt,151,onCreate,Platform,application/octet-stream,Default,Keep / rewrite concisely,
MainActivity.kt,172,requestSelection,Platform,"Grant nearby device permission, then try again",Default,Keep / rewrite concisely,
MainActivity.kt,297,Header,App shell,e,Default,Keep / rewrite concisely,
MainActivity.kt,299,Header,App shell,eGauge,Default,Keep / rewrite concisely,
MainActivity.kt,304,Header,App shell,GAUGE FOUND,Default,Keep / rewrite concisely,
MainActivity.kt,305,Header,App shell,OFFLINE PREVIEW,Default,Keep / rewrite concisely,
MainActivity.kt,363,OperationBanner,Operation,$it%,Default,Keep / rewrite concisely,
MainActivity.kt,370,GarageScreen,Car / setup,Vehicle,Default,Keep / rewrite concisely,
MainActivity.kt,371,GarageScreen,Car / setup,"Manage this vehicle profile, its gauge, and its OBD connection.",Default,Keep / rewrite concisely,
MainActivity.kt,375,GarageScreen,Car / setup,◉,Default,Keep / rewrite concisely,
MainActivity.kt,378,GarageScreen,Car / setup,eGauge display,Default,Keep / rewrite concisely,
MainActivity.kt,385,GarageScreen,Car / setup,Finding gauge…,Default,Keep / rewrite concisely,
MainActivity.kt,385,GarageScreen,Car / setup,Find nearby gauge,Default,Keep / rewrite concisely,
MainActivity.kt,391,GarageScreen,Car / setup,Local vehicle profiles,Default,Keep / rewrite concisely,
MainActivity.kt,392,GarageScreen,Car / setup,Keep dashboard drafts separate for each vehicle. These names do not confirm PID support.,Details,Move,YES: inspect default exposure
MainActivity.kt,396,GarageScreen,Car / setup,Saved profiles could not be opened: $error. Editing is paused to protect them.,Default,Keep / rewrite concisely,
MainActivity.kt,413,GarageScreen,Car / setup,New profile name,Default,Keep / rewrite concisely,
MainActivity.kt,419,GarageScreen,Car / setup,A profile with this name already exists.,Default,Keep / rewrite concisely,
MainActivity.kt,424,GarageScreen,Car / setup,Create local profile,Default,Keep / rewrite concisely,
MainActivity.kt,428,GarageScreen,Car / setup,LOCAL DRAFT,Details,Move,YES: inspect default exposure
MainActivity.kt,430,GarageScreen,Car / setup,${model.profileCollection.active.name} dashboard,Default,Keep / rewrite concisely,
MainActivity.kt,432,GarageScreen,Car / setup,Edits stay on this phone until you review and send a supported setup to the gauge.,Default,Keep / rewrite concisely,
MainActivity.kt,435,GarageScreen,Car / setup,Edit gauge,Default,Keep / rewrite concisely,
MainActivity.kt,438,GarageScreen,Car / setup,Vehicle connection,Default,Keep / rewrite concisely,
MainActivity.kt,439,GarageScreen,Car / setup,OBD,Default,Keep / rewrite concisely,
MainActivity.kt,439,GarageScreen,Car / setup,Vehicle adapter,Default,Keep / rewrite concisely,
MainActivity.kt,439,GarageScreen,Car / setup,Adapter setup will use this profile when discovery is available,Default,Keep / rewrite concisely,
MainActivity.kt,443,GarageScreen,Car / setup,Hide advanced connections,Default,Keep / rewrite concisely,
MainActivity.kt,443,GarageScreen,Car / setup,Advanced connections,Default,Keep / rewrite concisely,
MainActivity.kt,448,GarageScreen,Car / setup,Second OBD adapter,Default,Keep / rewrite concisely,
MainActivity.kt,450,GarageScreen,Car / setup,For swapped vehicles with separate engine and transmission interfaces. Enabling this keeps source bindings separate; simultaneous operation still requires compatible gauge firmware and hardware validation.,Default,Keep / rewrite concisely,
MainActivity.kt,457,GarageScreen,Car / setup,Second adapter enabled,Default,Keep / rewrite concisely,
MainActivity.kt,457,GarageScreen,Car / setup,Enable second adapter,Default,Keep / rewrite concisely,
MainActivity.kt,485,DesignScreen,Customize,Gauge,Default,Keep / rewrite concisely,
MainActivity.kt,485,DesignScreen,Customize,Build a glanceable dashboard.,Default,Keep / rewrite concisely,
MainActivity.kt,486,DesignScreen,Customize,Editing ${model.profileCollection.active.name}. Preview values are examples until vehicle data is observed.,Default,Keep / rewrite concisely,
MainActivity.kt,489,DesignScreen,Customize,Local profile editing paused,Default,Keep / rewrite concisely,
MainActivity.kt,491,DesignScreen,Customize,The saved profile format could not be opened. Your data has not been replaced.,Default,Keep / rewrite concisely,
MainActivity.kt,498,DesignScreen,Customize,Pages,Default,Keep / rewrite concisely,
MainActivity.kt,500,DesignScreen,Customize,${model.draft.pages.size} of 8 pages,Details,Move,YES: inspect default exposure
MainActivity.kt,507,DesignScreen,Customize,${index + 1}. ${page.name},Default,Keep / rewrite concisely,
MainActivity.kt,513,DesignScreen,Customize,Add,Default,Keep / rewrite concisely,
MainActivity.kt,515,DesignScreen,Customize,Earlier,Default,Keep / rewrite concisely,
MainActivity.kt,518,DesignScreen,Customize,Later,Default,Keep / rewrite concisely,
MainActivity.kt,520,DesignScreen,Customize,Remove,Default,Keep / rewrite concisely,
MainActivity.kt,524,DesignScreen,Customize,Layout,Default,Keep / rewrite concisely,
MainActivity.kt,536,DesignScreen,Customize,Primary reading,Default,Keep / rewrite concisely,
MainActivity.kt,539,DesignScreen,Customize,${pid.unit} • Example only; vehicle support has not been observed,Details,Move,YES: inspect default exposure
MainActivity.kt,542,DesignScreen,Customize,Choose a reading,Default,Keep / rewrite concisely,
MainActivity.kt,545,DesignScreen,Customize,Second reading,Default,Keep / rewrite concisely,
MainActivity.kt,558,DesignScreen,Customize,Coolant alert preview,Default,Keep / rewrite concisely,
MainActivity.kt,560,DesignScreen,Customize,Engine coolant • ECM • °C,Details,Move,YES: inspect default exposure
MainActivity.kt,562,DesignScreen,Customize,Warning,Default,Keep / rewrite concisely,
MainActivity.kt,566,DesignScreen,Customize,Critical,Default,Keep / rewrite concisely,
MainActivity.kt,570,DesignScreen,Customize,Hysteresis,Details,Move,YES: inspect default exposure
MainActivity.kt,575,DesignScreen,Customize,$value °C,Default,Keep / rewrite concisely,
MainActivity.kt,578,DesignScreen,Customize,Alert after,Default,Keep / rewrite concisely,
MainActivity.kt,583,DesignScreen,Customize,${value / 1000} s,Default,Keep / rewrite concisely,
MainActivity.kt,586,DesignScreen,Customize,Clear after,Default,Keep / rewrite concisely,
MainActivity.kt,591,DesignScreen,Customize,${value / 1000} s,Default,Keep / rewrite concisely,
MainActivity.kt,601,DesignScreen,Customize,Compare this phone draft with the last verified gauge readback below. Alert action awaits live coolant data.,Details,Move,YES: inspect default exposure
MainActivity.kt,603,DesignScreen,Customize,Dashboard pages and coolant thresholds were sent in revision ${model.activeConfigRevision}. Read back the gauge to compare.,Details,Move,YES: inspect default exposure
MainActivity.kt,604,DesignScreen,Customize,Saved in local draft; current settings have not been sent to the gauge,Details,Move,YES: inspect default exposure
MainActivity.kt,605,DesignScreen,Customize,"Check warning, critical and hysteresis spacing",Details,Move,YES: inspect default exposure
MainActivity.kt,610,DesignScreen,Customize,Phone draft vs gauge,Details,Move,YES: inspect default exposure
MainActivity.kt,611,DesignScreen,Customize,Compare the current local profile with the last authenticated document readback. Editing the draft updates this comparison without writing to the gauge.,Details,Move,YES: inspect default exposure
MainActivity.kt,616,DesignScreen,Customize,Reading gauge…,Default,Keep / rewrite concisely,
MainActivity.kt,616,DesignScreen,Customize,Refresh saved configuration,Default,Keep / rewrite concisely,
MainActivity.kt,626,DesignScreen,Customize,No verified document loaded. Read the gauge to compare saved settings.,Details,Move,YES: inspect default exposure
MainActivity.kt,630,DesignScreen,Customize,Revision ${comparison.revision} • ${comparison.matchingCount} match • ,Details,Move,YES: inspect default exposure
MainActivity.kt,631,DesignScreen,Customize,${comparison.differingCount} differ • ${comparison.unknownCount} unavailable,Default,Keep / rewrite concisely,
MainActivity.kt,644,DesignScreen,Customize,PHONE DRAFT,Details,Move,YES: inspect default exposure
MainActivity.kt,648,DesignScreen,Customize,GAUGE SAVED,Default,Keep / rewrite concisely,
MainActivity.kt,649,DesignScreen,Customize,Unavailable,Default,Keep / rewrite concisely,
MainActivity.kt,657,DesignScreen,Customize,Matches,Default,Keep / rewrite concisely,
MainActivity.kt,658,DesignScreen,Customize,Different,Default,Keep / rewrite concisely,
MainActivity.kt,659,DesignScreen,Customize,Unavailable for comparison,Default,Keep / rewrite concisely,
MainActivity.kt,667,DesignScreen,Customize,A match describes saved settings only. It does not confirm a live vehicle value or PID support.,Details,Move,YES: inspect default exposure
MainActivity.kt,672,DesignScreen,Customize,Use saved settings in phone draft,Details,Move,YES: inspect default exposure
MainActivity.kt,675,DesignScreen,Customize,Import is available when the saved profile and all mapped editor fields are compatible.,Default,Keep / rewrite concisely,
MainActivity.kt,684,DesignScreen,Customize,Connected firmware supports at most ${capabilities.maxPages} pages,Default,Keep / rewrite concisely,
MainActivity.kt,688,DesignScreen,Customize,Connected firmware does not support: ${unavailable.joinToString { it.label }},Default,Keep / rewrite concisely,
MainActivity.kt,692,DesignScreen,Customize,Review what will be sent,Default,Keep / rewrite concisely,
MainActivity.kt,693,DesignScreen,Customize,The gauge will install these pages in order:,Default,Keep / rewrite concisely,
MainActivity.kt,696,DesignScreen,Customize, + ,Default,Keep / rewrite concisely,
MainActivity.kt,699,DesignScreen,Customize,${index + 1}. ${page.name} • ${page.layout.label} • $readings,Default,Keep / rewrite concisely,
MainActivity.kt,703,DesignScreen,Customize,Coolant warning ${model.draft.warning} °C • critical ${model.draft.critical} °C,Details,Move,YES: inspect default exposure
MainActivity.kt,720,DesignScreen,Customize,Sending setup…,Default,Keep / rewrite concisely,
MainActivity.kt,720,DesignScreen,Customize,Review complete • Send dashboard,Default,Keep / rewrite concisely,
MainActivity.kt,723,DesignScreen,Customize,Find the gauge in Vehicle before sending.,Default,Keep / rewrite concisely,
MainActivity.kt,725,DesignScreen,Customize,Refresh saved configuration before sending so changes cannot overwrite a newer revision.,Details,Move,YES: inspect default exposure
MainActivity.kt,726,DesignScreen,Customize,Adjust the items above before sending.,Default,Keep / rewrite concisely,
MainActivity.kt,727,DesignScreen,Customize,Requires the paired owner. The app confirms the saved setup is healthy and running after restart.,Default,Keep / rewrite concisely,
MainActivity.kt,737,ThresholdRow,Customize,Decrease coolant ${label.lowercase()} temperature,Default,Keep / rewrite concisely,
MainActivity.kt,738,ThresholdRow,Customize,−,Default,Keep / rewrite concisely,
MainActivity.kt,739,ThresholdRow,Customize,$value°,Default,Keep / rewrite concisely,
MainActivity.kt,742,ThresholdRow,Customize,Increase coolant ${label.lowercase()} temperature,Default,Keep / rewrite concisely,
MainActivity.kt,743,ThresholdRow,Customize,+,Default,Keep / rewrite concisely,
MainActivity.kt,754,RoundPreview,Preview,"Simulated ${pid.name}: ${pid.demoValue} ${pid.unit}, ${layout.label} layout",Details,Move,YES: inspect default exposure
MainActivity.kt,786,RoundPreview,Preview,${pid.gaugeLabel}  ${pid.unit},Details,Move,YES: inspect default exposure
MainActivity.kt,790,RoundPreview,Preview,${secondary?.gaugeLabel ?: ,Default,Keep / rewrite concisely,
MainActivity.kt,790,RoundPreview,Preview,}  ${secondary?.unit ?: ,Default,Keep / rewrite concisely,
MainActivity.kt,790,RoundPreview,Preview,},Default,Keep / rewrite concisely,
MainActivity.kt,792,RoundPreview,Preview,92,Default,Keep / rewrite concisely,
MainActivity.kt,808,RoundPreview,Preview,DEMO,Default,Keep / rewrite concisely,
MainActivity.kt,817,PidsScreen,Readings / Expert,TCM,Details,Move,YES: inspect default exposure
MainActivity.kt,818,PidsScreen,Readings / Expert,All,Default,Keep / rewrite concisely,
MainActivity.kt,819,PidsScreen,Readings / Expert,${pid.name} ${pid.request} ${pid.category} ${pid.source},Details,Move,YES: inspect default exposure
MainActivity.kt,823,PidsScreen,Readings / Expert,Readings,Default,Keep / rewrite concisely,
MainActivity.kt,823,PidsScreen,Readings / Expert,Choose familiar vehicle data.,Default,Keep / rewrite concisely,
MainActivity.kt,824,PidsScreen,Readings / Expert,Search by name or category. Every result says whether it is an example or observed on your vehicle.,Default,Keep / rewrite concisely,
MainActivity.kt,826,PidsScreen,Readings / Expert,Search readings,Default,Keep / rewrite concisely,
MainActivity.kt,830,PidsScreen,Readings / Expert,Hide technical tools,Default,Keep / rewrite concisely,
MainActivity.kt,830,PidsScreen,Readings / Expert,Technical details and custom PIDs,Details,Move,YES: inspect default exposure
MainActivity.kt,835,PidsScreen,Readings / Expert,All,Default,Keep / rewrite concisely,
MainActivity.kt,835,PidsScreen,Readings / Expert,ECM,Details,Move,YES: inspect default exposure
MainActivity.kt,835,PidsScreen,Readings / Expert,TCM,Details,Move,YES: inspect default exposure
MainActivity.kt,843,PidsScreen,Readings / Expert,Hide discovery preview,Default,Keep / rewrite concisely,
MainActivity.kt,843,PidsScreen,Readings / Expert,Preview discovery states,Default,Keep / rewrite concisely,
MainActivity.kt,848,PidsScreen,Readings / Expert,Discovery state preview,Default,Keep / rewrite concisely,
MainActivity.kt,850,PidsScreen,Readings / Expert,"Simulated path only. Real evidence requires a vehicle profile, adapter, ECU source and observation time.",Details,Move,YES: inspect default exposure
MainActivity.kt,853,PidsScreen,Readings / Expert,Current vehicle evidence: none,Details,Move,YES: inspect default exposure
MainActivity.kt,859,PidsScreen,Readings / Expert,Close decoder lab,Default,Keep / rewrite concisely,
MainActivity.kt,859,PidsScreen,Readings / Expert,Open decoder lab,Default,Keep / rewrite concisely,
MainActivity.kt,865,PidsScreen,Readings / Expert,Mode 01 response lab,Details,Move,YES: inspect default exposure
MainActivity.kt,867,PidsScreen,Readings / Expert,Example decoder for ${demoCatalog.first { it.id == model.draft.pidId }.name}. Pasting bytes never sends a vehicle request.,Details,Move,YES: inspect default exposure
MainActivity.kt,871,PidsScreen,Readings / Expert,Response bytes,Default,Keep / rewrite concisely,
MainActivity.kt,885,PidsScreen,Readings / Expert,Close custom request lab,Default,Keep / rewrite concisely,
MainActivity.kt,885,PidsScreen,Readings / Expert,Draft a custom read request,Details,Move,YES: inspect default exposure
MainActivity.kt,890,PidsScreen,Readings / Expert,Offline request check,Default,Keep / rewrite concisely,
MainActivity.kt,892,PidsScreen,Readings / Expert,Choose an ECU and enter a read request. This checks syntax only; vehicle support and decoding remain unknown.,Default,Keep / rewrite concisely,
MainActivity.kt,895,PidsScreen,Readings / Expert,ECM,Details,Move,YES: inspect default exposure
MainActivity.kt,895,PidsScreen,Readings / Expert,TCM,Details,Move,YES: inspect default exposure
MainActivity.kt,902,PidsScreen,Readings / Expert,Read request bytes,Details,Move,YES: inspect default exposure
MainActivity.kt,907,PidsScreen,Readings / Expert,${preview.description} • ${model.customSource},Default,Keep / rewrite concisely,
MainActivity.kt,909,PidsScreen,Readings / Expert,Request ${preview.request}  →  Expected prefix ${preview.responsePrefix},Default,Keep / rewrite concisely,
MainActivity.kt,911,PidsScreen,Readings / Expert,Local draft only. No adapter was queried.,Details,Move,YES: inspect default exposure
MainActivity.kt,920,PidsScreen,Readings / Expert,${results.size} catalog examples • ${model.vehicleObservations.size} vehicle observations,Details,Move,YES: inspect default exposure
MainActivity.kt,930,PidsScreen,Readings / Expert,${pid.source} • ${pid.category} • ${pid.request},Details,Move,YES: inspect default exposure
MainActivity.kt,935,PidsScreen,Readings / Expert,Catalog: ${pid.exampleKind}  •  Vehicle support: unknown,Details,Move,YES: inspect default exposure
MainActivity.kt,940,PidsScreen,Readings / Expert,Use on gauge draft,Details,Move,YES: inspect default exposure
MainActivity.kt,957,DeviceScreen,Settings / Expert,Settings,Default,Keep / rewrite concisely,
MainActivity.kt,957,DeviceScreen,Settings / Expert,Gauge connection and maintenance.,Default,Keep / rewrite concisely,
MainActivity.kt,958,DeviceScreen,Settings / Expert,"Manage owner access, display rotation, firmware, and technical details.",Details,Move,YES: inspect default exposure
MainActivity.kt,960,DeviceScreen,Settings / Expert,Connection,Default,Keep / rewrite concisely,
MainActivity.kt,965,DeviceScreen,Settings / Expert,Owner controls,Default,Keep / rewrite concisely,
MainActivity.kt,966,DeviceScreen,Settings / Expert,Experimental 8-page dashboard transfer with five renderers,Default,Keep / rewrite concisely,
MainActivity.kt,967,DeviceScreen,Settings / Expert,Experimental numeric ECM profile transfer,Details,Move,YES: inspect default exposure
MainActivity.kt,968,DeviceScreen,Settings / Expert,Built-in reading and display rotation,Details,Move,YES: inspect default exposure
MainActivity.kt,969,DeviceScreen,Settings / Expert,Built-in reading only,Default,Keep / rewrite concisely,
MainActivity.kt,970,DeviceScreen,Settings / Expert,Read only,Default,Keep / rewrite concisely,
MainActivity.kt,972,DeviceScreen,Settings / Expert,Owner access,Default,Keep / rewrite concisely,
MainActivity.kt,973,DeviceScreen,Settings / Expert,Not checked,Default,Keep / rewrite concisely,
MainActivity.kt,974,DeviceScreen,Settings / Expert,Checked when a protected action starts,Default,Keep / rewrite concisely,
MainActivity.kt,975,DeviceScreen,Settings / Expert,Authenticated on this connection,Default,Keep / rewrite concisely,
MainActivity.kt,979,DeviceScreen,Settings / Expert,Saved reading,Default,Keep / rewrite concisely,
MainActivity.kt,979,DeviceScreen,Settings / Expert,RPM,Default,Keep / rewrite concisely,
MainActivity.kt,979,DeviceScreen,Settings / Expert,Speed,Default,Keep / rewrite concisely,
MainActivity.kt,979,DeviceScreen,Settings / Expert,Engine load,Default,Keep / rewrite concisely,
MainActivity.kt,979,DeviceScreen,Settings / Expert,Coolant,Default,Keep / rewrite concisely,
MainActivity.kt,979,DeviceScreen,Settings / Expert,Fuel,Default,Keep / rewrite concisely,
MainActivity.kt,980,DeviceScreen,Settings / Expert,Saved revision,Details,Move,YES: inspect default exposure
MainActivity.kt,981,DeviceScreen,Settings / Expert,Display rotation,Details,Move,YES: inspect default exposure
MainActivity.kt,981,DeviceScreen,Settings / Expert,${saved.rotation * 90}°,Details,Move,YES: inspect default exposure
MainActivity.kt,982,DeviceScreen,Settings / Expert,This is the gauge's saved selection. Edits in Gauge remain on this phone until sent.,Default,Keep / rewrite concisely,
MainActivity.kt,987,DeviceScreen,Settings / Expert,Hide technical details,Default,Keep / rewrite concisely,
MainActivity.kt,987,DeviceScreen,Settings / Expert,Technical details,Default,Keep / rewrite concisely,
MainActivity.kt,991,DeviceScreen,Settings / Expert,Board,Default,Keep / rewrite concisely,
MainActivity.kt,992,DeviceScreen,Settings / Expert,Protocol,Details,Move,YES: inspect default exposure
MainActivity.kt,993,DeviceScreen,Settings / Expert,Adapter links,Default,Keep / rewrite concisely,
MainActivity.kt,993,DeviceScreen,Settings / Expert,${caps.maxAdapterLinks}; simultaneous use ${if (caps.simultaneousVerified) ,Default,Keep / rewrite concisely,
MainActivity.kt,993,DeviceScreen,Settings / Expert, else ,Default,Keep / rewrite concisely,
MainActivity.kt,993,DeviceScreen,Settings / Expert,},Default,Keep / rewrite concisely,
MainActivity.kt,994,DeviceScreen,Settings / Expert,Firmware transfer,Default,Keep / rewrite concisely,
MainActivity.kt,995,DeviceScreen,Settings / Expert,Automatic private Wi-Fi,Default,Keep / rewrite concisely,
MainActivity.kt,995,DeviceScreen,Settings / Expert,Bluetooth,Default,Keep / rewrite concisely,
MainActivity.kt,996,DeviceScreen,Settings / Expert,experimental-softap-aead-v2,Default,Keep / rewrite concisely,
MainActivity.kt,1000,DeviceScreen,Settings / Expert,Run Wi-Fi security self-check,Default,Keep / rewrite concisely,
MainActivity.kt,1006,DeviceScreen,Settings / Expert,Running revision,Details,Move,YES: inspect default exposure
MainActivity.kt,1007,DeviceScreen,Settings / Expert,Stored revision,Details,Move,YES: inspect default exposure
MainActivity.kt,1008,DeviceScreen,Settings / Expert,Config SHA-256,Details,Move,YES: inspect default exposure
MainActivity.kt,1012,DeviceScreen,Settings / Expert,Hardware capacity,Default,Keep / rewrite concisely,
MainActivity.kt,1014,DeviceScreen,Settings / Expert,Processor,Default,Keep / rewrite concisely,
MainActivity.kt,1014,DeviceScreen,Settings / Expert,${hardware.cores} cores at ${hardware.cpuMhz} MHz,Default,Keep / rewrite concisely,
MainActivity.kt,1015,DeviceScreen,Settings / Expert,Chip revision,Details,Move,YES: inspect default exposure
MainActivity.kt,1016,DeviceScreen,Settings / Expert,Flash,Default,Keep / rewrite concisely,
MainActivity.kt,1017,DeviceScreen,Settings / Expert,Internal RAM,Default,Keep / rewrite concisely,
MainActivity.kt,1017,DeviceScreen,Settings / Expert,${formatCapacity(hardware.internalFreeBytes)} free of ${formatCapacity(hardware.internalTotalBytes)},Details,Move,YES: inspect default exposure
MainActivity.kt,1018,DeviceScreen,Settings / Expert,Internal low watermark,Default,Keep / rewrite concisely,
MainActivity.kt,1019,DeviceScreen,Settings / Expert,Largest internal block,Default,Keep / rewrite concisely,
MainActivity.kt,1020,DeviceScreen,Settings / Expert,PSRAM,Default,Keep / rewrite concisely,
MainActivity.kt,1021,DeviceScreen,Settings / Expert,${formatCapacity(hardware.psramFreeBytes)} free of ${formatCapacity(hardware.psramTotalBytes)},Details,Move,YES: inspect default exposure
MainActivity.kt,1022,DeviceScreen,Settings / Expert,Unavailable,Default,Keep / rewrite concisely,
MainActivity.kt,1023,DeviceScreen,Settings / Expert,PSRAM low watermark,Default,Keep / rewrite concisely,
MainActivity.kt,1024,DeviceScreen,Settings / Expert,Unavailable,Default,Keep / rewrite concisely,
MainActivity.kt,1025,DeviceScreen,Settings / Expert,Uptime,Default,Keep / rewrite concisely,
MainActivity.kt,1026,DeviceScreen,Settings / Expert,Last reset,Default,Keep / rewrite concisely,
MainActivity.kt,1027,DeviceScreen,Settings / Expert,Wi-Fi state,Default,Keep / rewrite concisely,
MainActivity.kt,1028,DeviceScreen,Settings / Expert,Initialized,Default,Keep / rewrite concisely,
MainActivity.kt,1029,DeviceScreen,Settings / Expert,No reported subsystems,Default,Keep / rewrite concisely,
MainActivity.kt,1030,DeviceScreen,Settings / Expert,Board inventory also declares ${hardwareFeatureLabels(hardware.declaredFeatures).joinToString()}. Sensor identity and ADC calibration require their own probes.,Default,Keep / rewrite concisely,
MainActivity.kt,1037,DeviceScreen,Settings / Expert,Read hardware capacity,Default,Keep / rewrite concisely,
MainActivity.kt,1037,DeviceScreen,Settings / Expert,Refresh hardware capacity,Default,Keep / rewrite concisely,
MainActivity.kt,1044,DeviceScreen,Settings / Expert,Finding gauge…,Default,Keep / rewrite concisely,
MainActivity.kt,1044,DeviceScreen,Settings / Expert,Find or refresh gauge,Default,Keep / rewrite concisely,
MainActivity.kt,1050,DeviceScreen,Settings / Expert,Check running setup,Default,Keep / rewrite concisely,
MainActivity.kt,1054,DeviceScreen,Settings / Expert,Refresh saved setup,Default,Keep / rewrite concisely,
MainActivity.kt,1058,DeviceScreen,Settings / Expert,Document revision,Details,Move,YES: inspect default exposure
MainActivity.kt,1059,DeviceScreen,Settings / Expert,Document bytes,Details,Move,YES: inspect default exposure
MainActivity.kt,1060,DeviceScreen,Settings / Expert,Profile ID,Default,Keep / rewrite concisely,
MainActivity.kt,1061,DeviceScreen,Settings / Expert,Definitions,Default,Keep / rewrite concisely,
MainActivity.kt,1062,DeviceScreen,Settings / Expert,Pages,Default,Keep / rewrite concisely,
MainActivity.kt,1063,DeviceScreen,Settings / Expert,Alerts,Default,Keep / rewrite concisely,
MainActivity.kt,1064,DeviceScreen,Settings / Expert,Read from the gauge and SHA-256 verified. This does not establish vehicle PID support.,Details,Move,YES: inspect default exposure
MainActivity.kt,1068,DeviceScreen,Settings / Expert,Review changes in Gauge,Default,Keep / rewrite concisely,
MainActivity.kt,1074,DeviceScreen,Settings / Expert,"First setup: long press the gauge to open pairing, then enter its code in Android. A 12-second hold resets the owner bond.",Default,Keep / rewrite concisely,
MainActivity.kt,1077,DeviceScreen,Settings / Expert,tcm,Details,Move,YES: inspect default exposure
MainActivity.kt,1078,DeviceScreen,Settings / Expert,Connecting…,Default,Keep / rewrite concisely,
MainActivity.kt,1078,DeviceScreen,Settings / Expert,tcm,Details,Move,YES: inspect default exposure
MainActivity.kt,1079,DeviceScreen,Settings / Expert,No built-in TCM reading,Details,Move,YES: inspect default exposure
MainActivity.kt,1079,DeviceScreen,Settings / Expert,Set preview reading on gauge,Default,Keep / rewrite concisely,
MainActivity.kt,1084,DeviceScreen,Settings / Expert,Read saved gauge state,Default,Keep / rewrite concisely,
MainActivity.kt,1088,DeviceScreen,Settings / Expert,Display rotation,Details,Move,YES: inspect default exposure
MainActivity.kt,1095,DeviceScreen,Settings / Expert,${rotation * 90}°,Details,Move,YES: inspect default exposure
MainActivity.kt,1104,DeviceScreen,Settings / Expert,Check-engine and fault information,Default,Keep / rewrite concisely,
MainActivity.kt,1108,DeviceScreen,Settings / Expert,CHECK-ENGINE ON,Default,Keep / rewrite concisely,
MainActivity.kt,1109,DeviceScreen,Settings / Expert,CHECK-ENGINE OFF,Default,Keep / rewrite concisely,
MainActivity.kt,1110,DeviceScreen,Settings / Expert,LAST READ IS STALE,Default,Keep / rewrite concisely,
MainActivity.kt,1111,DeviceScreen,Settings / Expert,NO RECENT VEHICLE DATA,Default,Keep / rewrite concisely,
MainActivity.kt,1119,DeviceScreen,Settings / Expert,Reported fault count,Default,Keep / rewrite concisely,
MainActivity.kt,1121,DeviceScreen,Settings / Expert,Confirmed,Default,Keep / rewrite concisely,
MainActivity.kt,1122,DeviceScreen,Settings / Expert,Pending,Default,Keep / rewrite concisely,
MainActivity.kt,1123,DeviceScreen,Settings / Expert,Permanent,Default,Keep / rewrite concisely,
MainActivity.kt,1125,DeviceScreen,Settings / Expert,${data.first} code(s)${data.second?.let { ,Default,Keep / rewrite concisely,
MainActivity.kt,1125,DeviceScreen,Settings / Expert, } ?: ,Default,Keep / rewrite concisely,
MainActivity.kt,1125,DeviceScreen,Settings / Expert,},Default,Keep / rewrite concisely,
MainActivity.kt,1126,DeviceScreen,Settings / Expert,No fresh response,Default,Keep / rewrite concisely,
MainActivity.kt,1128,DeviceScreen,Settings / Expert,This snapshot may include only counts and the first code in each category. Open technical details for current limitations.,Default,Keep / rewrite concisely,
MainActivity.kt,1131,DeviceScreen,Settings / Expert,The previous snapshot is older than 30 seconds. Refresh before relying on it.,Default,Keep / rewrite concisely,
MainActivity.kt,1132,DeviceScreen,Settings / Expert,Read the gauge to check current check-engine status and available fault categories.,Default,Keep / rewrite concisely,
MainActivity.kt,1137,DeviceScreen,Settings / Expert,Refresh fault information,Default,Keep / rewrite concisely,
MainActivity.kt,1139,DeviceScreen,Settings / Expert,Clearing codes is not available yet. It will require a fresh reading and explicit vehicle-scoped confirmation.,Default,Keep / rewrite concisely,
MainActivity.kt,1144,DeviceScreen,Settings / Expert,Firmware update,Default,Keep / rewrite concisely,
MainActivity.kt,1147,DeviceScreen,Settings / Expert,Recovery check required,Default,Keep / rewrite concisely,
MainActivity.kt,1148,DeviceScreen,Settings / Expert,Update confirmed,Default,Keep / rewrite concisely,
MainActivity.kt,1149,DeviceScreen,Settings / Expert,Previous firmware recovered,Default,Keep / rewrite concisely,
MainActivity.kt,1150,DeviceScreen,Settings / Expert,Health check still pending,Default,Keep / rewrite concisely,
MainActivity.kt,1151,DeviceScreen,Settings / Expert,Recovery check complete,Default,Keep / rewrite concisely,
MainActivity.kt,1162,DeviceScreen,Settings / Expert,Running,Default,Keep / rewrite concisely,
MainActivity.kt,1162,DeviceScreen,Settings / Expert,unknown,Default,Keep / rewrite concisely,
MainActivity.kt,1163,DeviceScreen,Settings / Expert,OTA state,Details,Move,YES: inspect default exposure
MainActivity.kt,1164,DeviceScreen,Settings / Expert,New image,Default,Keep / rewrite concisely,
MainActivity.kt,1165,DeviceScreen,Settings / Expert,Pending boot check,Default,Keep / rewrite concisely,
MainActivity.kt,1166,DeviceScreen,Settings / Expert,Confirmed valid,Default,Keep / rewrite concisely,
MainActivity.kt,1167,DeviceScreen,Settings / Expert,Invalid,Default,Keep / rewrite concisely,
MainActivity.kt,1168,DeviceScreen,Settings / Expert,Aborted,Default,Keep / rewrite concisely,
MainActivity.kt,1169,DeviceScreen,Settings / Expert,Unavailable (${boot.otaState}),Details,Move,YES: inspect default exposure
MainActivity.kt,1172,DeviceScreen,Settings / Expert,Partition,Details,Move,YES: inspect default exposure
MainActivity.kt,1172,DeviceScreen,Settings / Expert,0x${boot.partitionAddress.toString(16)},Details,Move,YES: inspect default exposure
MainActivity.kt,1173,DeviceScreen,Settings / Expert,ELF SHA-256,Details,Move,YES: inspect default exposure
MainActivity.kt,1178,DeviceScreen,Settings / Expert,Check installed firmware,Default,Keep / rewrite concisely,
MainActivity.kt,1181,DeviceScreen,Settings / Expert,Check GitHub Releases for a signed development image that matches this gauge.,Details,Move,YES: inspect default exposure
MainActivity.kt,1186,DeviceScreen,Settings / Expert,Checking GitHub…,Details,Move,YES: inspect default exposure
MainActivity.kt,1186,DeviceScreen,Settings / Expert,Check GitHub for update,Details,Move,YES: inspect default exposure
MainActivity.kt,1190,DeviceScreen,Settings / Expert,Version ${update.release.version} • ${update.release.channel.name.lowercase()},Default,Keep / rewrite concisely,
MainActivity.kt,1197,DeviceScreen,Settings / Expert,Download and verify,Default,Keep / rewrite concisely,
MainActivity.kt,1204,DeviceScreen,Settings / Expert,Advanced development package,Default,Keep / rewrite concisely,
MainActivity.kt,1207,DeviceScreen,Settings / Expert,Choose development package,Default,Keep / rewrite concisely,
MainActivity.kt,1213,DeviceScreen,Settings / Expert,Installing…,Default,Keep / rewrite concisely,
MainActivity.kt,1213,DeviceScreen,Settings / Expert,Install development update,Default,Keep / rewrite concisely,
MainActivity.kt,1216,DeviceScreen,Settings / Expert,Android may ask once to join the gauge's temporary network. No Wi-Fi password is required. Keep the app open and gauge powered until the new image is confirmed.,Default,Keep / rewrite concisely,
MainActivity.kt,1217,DeviceScreen,Settings / Expert,Keep the app open and gauge powered until the new image is confirmed. Interrupted transfers can be retried.,Default,Keep / rewrite concisely,
MainActivity.kt,1224,formatCapacity,Settings / Expert,%.1f MiB,Default,Keep / rewrite concisely,
MainActivity.kt,1225,formatCapacity,Settings / Expert,%.1f KiB,Default,Keep / rewrite concisely,
MainActivity.kt,1226,formatCapacity,Settings / Expert,$bytes B,Default,Keep / rewrite concisely,
MainActivity.kt,1234,formatUptime,Settings / Expert,${days}d ${hours}h ${minutes}m,Default,Keep / rewrite concisely,
MainActivity.kt,1235,formatUptime,Settings / Expert,${hours}h ${minutes}m,Default,Keep / rewrite concisely,
MainActivity.kt,1236,formatUptime,Settings / Expert,${minutes}m ${seconds % 60}s,Default,Keep / rewrite concisely,
MainActivity.kt,1241,resetReasonLabel,Settings / Expert,Unknown,Expert,Move,
MainActivity.kt,1242,resetReasonLabel,Settings / Expert,Power on,Expert,Move,
MainActivity.kt,1243,resetReasonLabel,Settings / Expert,External reset,Expert,Move,
MainActivity.kt,1244,resetReasonLabel,Settings / Expert,Software restart,Expert,Move,
MainActivity.kt,1245,resetReasonLabel,Settings / Expert,Software panic,Expert,Move,
MainActivity.kt,1246,resetReasonLabel,Settings / Expert,Interrupt watchdog,Expert,Move,
MainActivity.kt,1247,resetReasonLabel,Settings / Expert,Task watchdog,Expert,Move,
MainActivity.kt,1248,resetReasonLabel,Settings / Expert,Watchdog,Expert,Move,
MainActivity.kt,1249,resetReasonLabel,Settings / Expert,Deep sleep wake,Expert,Move,
MainActivity.kt,1250,resetReasonLabel,Settings / Expert,Brownout,Expert,Move,
MainActivity.kt,1251,resetReasonLabel,Settings / Expert,SDIO,Expert,Move,
MainActivity.kt,1252,resetReasonLabel,Settings / Expert,USB peripheral,Expert,Move,
MainActivity.kt,1253,resetReasonLabel,Settings / Expert,JTAG,Expert,Move,
MainActivity.kt,1254,resetReasonLabel,Settings / Expert,eFuse error,Expert,Move,
MainActivity.kt,1255,resetReasonLabel,Settings / Expert,Power glitch,Expert,Move,
MainActivity.kt,1256,resetReasonLabel,Settings / Expert,CPU lockup,Expert,Move,
MainActivity.kt,1257,resetReasonLabel,Settings / Expert,Reason $reason,Expert,Move,
MainActivity.kt,1261,wifiModeLabel,Settings / Expert,"Initialized, radio idle",Expert,Move,
MainActivity.kt,1262,wifiModeLabel,Settings / Expert,Station,Expert,Move,
MainActivity.kt,1263,wifiModeLabel,Settings / Expert,Temporary access point,Expert,Move,
MainActivity.kt,1264,wifiModeLabel,Settings / Expert,Station and access point,Expert,Move,
MainActivity.kt,1265,wifiModeLabel,Settings / Expert,Stack not initialized,Expert,Move,
MainActivity.kt,1266,wifiModeLabel,Settings / Expert,Unknown mode $mode,Expert,Move,
MainActivity.kt,1270,hardwareFeatureLabels,Settings / Expert,Wi-Fi,Expert,Move,
MainActivity.kt,1271,hardwareFeatureLabels,Settings / Expert,BLE,Expert,Move,
MainActivity.kt,1272,hardwareFeatureLabels,Settings / Expert,PSRAM,Expert,Move,
MainActivity.kt,1273,hardwareFeatureLabels,Settings / Expert,display,Expert,Move,
MainActivity.kt,1274,hardwareFeatureLabels,Settings / Expert,touch,Expert,Move,
MainActivity.kt,1275,hardwareFeatureLabels,Settings / Expert,backlight,Expert,Move,
MainActivity.kt,1276,hardwareFeatureLabels,Settings / Expert,IMU,Expert,Move,
MainActivity.kt,1277,hardwareFeatureLabels,Settings / Expert,battery ADC,Expert,Move,
MainActivity.kt,1278,hardwareFeatureLabels,Settings / Expert,expansion,Expert,Move,
MainActivity.kt,1279,hardwareFeatureLabels,Settings / Expert,USB to UART,Expert,Move,
MainActivity.kt,1304,GaugeCandidateChooser,Setup,Choose a gauge,Default,Keep / rewrite concisely,
MainActivity.kt,1305,GaugeCandidateChooser,Setup,Your choice is remembered for future connections.,Default,Keep / rewrite concisely,
MainActivity.kt,1314,GaugeCandidateChooser,Setup,${candidate.name}  •  …${candidate.id.takeLast(5)}  •  ${candidate.signalDbm} dBm,Details,Move,YES: inspect default exposure
AppModel.kt,42,Platform,State / Platform,rpm,Default,Keep / rewrite concisely,
AppModel.kt,42,Platform,State / Platform,Engine RPM,Default,Keep / rewrite concisely,
AppModel.kt,42,Platform,State / Platform,ECM,Details,Move,YES: inspect default exposure
AppModel.kt,42,Platform,State / Platform,01 0C,Default,Keep / rewrite concisely,
AppModel.kt,42,Platform,State / Platform,rpm,Default,Keep / rewrite concisely,
AppModel.kt,42,Platform,State / Platform,"2,840",Default,Keep / rewrite concisely,
AppModel.kt,42,Platform,State / Platform,Example response,Default,Keep / rewrite concisely,
AppModel.kt,42,Platform,State / Platform,Engine,Default,Keep / rewrite concisely,
AppModel.kt,42,Platform,State / Platform,ENGINE RPM,Default,Keep / rewrite concisely,
AppModel.kt,43,Platform,State / Platform,coolant,Default,Keep / rewrite concisely,
AppModel.kt,43,Platform,State / Platform,Coolant temperature,Default,Keep / rewrite concisely,
AppModel.kt,43,Platform,State / Platform,ECM,Details,Move,YES: inspect default exposure
AppModel.kt,43,Platform,State / Platform,01 05,Default,Keep / rewrite concisely,
AppModel.kt,43,Platform,State / Platform,°C,Default,Keep / rewrite concisely,
AppModel.kt,43,Platform,State / Platform,92,Default,Keep / rewrite concisely,
AppModel.kt,43,Platform,State / Platform,Example response,Default,Keep / rewrite concisely,
AppModel.kt,43,Platform,State / Platform,Thermal,Default,Keep / rewrite concisely,
AppModel.kt,43,Platform,State / Platform,COOLANT,Default,Keep / rewrite concisely,
AppModel.kt,44,Platform,State / Platform,speed,Default,Keep / rewrite concisely,
AppModel.kt,44,Platform,State / Platform,Vehicle speed,Default,Keep / rewrite concisely,
AppModel.kt,44,Platform,State / Platform,ECM,Details,Move,YES: inspect default exposure
AppModel.kt,44,Platform,State / Platform,01 0D,Default,Keep / rewrite concisely,
AppModel.kt,44,Platform,State / Platform,km/h,Default,Keep / rewrite concisely,
AppModel.kt,44,Platform,State / Platform,64,Default,Keep / rewrite concisely,
AppModel.kt,44,Platform,State / Platform,Example response,Default,Keep / rewrite concisely,
AppModel.kt,44,Platform,State / Platform,Driving,Default,Keep / rewrite concisely,
AppModel.kt,44,Platform,State / Platform,SPEED,Default,Keep / rewrite concisely,
AppModel.kt,45,Platform,State / Platform,load,Default,Keep / rewrite concisely,
AppModel.kt,45,Platform,State / Platform,Calculated load,Default,Keep / rewrite concisely,
AppModel.kt,45,Platform,State / Platform,ECM,Details,Move,YES: inspect default exposure
AppModel.kt,45,Platform,State / Platform,01 04,Default,Keep / rewrite concisely,
AppModel.kt,45,Platform,State / Platform,%,Default,Keep / rewrite concisely,
AppModel.kt,45,Platform,State / Platform,38,Default,Keep / rewrite concisely,
AppModel.kt,45,Platform,State / Platform,Example response,Default,Keep / rewrite concisely,
AppModel.kt,45,Platform,State / Platform,Engine,Default,Keep / rewrite concisely,
AppModel.kt,45,Platform,State / Platform,ENGINE LOAD,Default,Keep / rewrite concisely,
AppModel.kt,46,Platform,State / Platform,fuel,Default,Keep / rewrite concisely,
AppModel.kt,46,Platform,State / Platform,Fuel level,Default,Keep / rewrite concisely,
AppModel.kt,46,Platform,State / Platform,ECM,Details,Move,YES: inspect default exposure
AppModel.kt,46,Platform,State / Platform,01 2F,Default,Keep / rewrite concisely,
AppModel.kt,46,Platform,State / Platform,%,Default,Keep / rewrite concisely,
AppModel.kt,46,Platform,State / Platform,73,Default,Keep / rewrite concisely,
AppModel.kt,46,Platform,State / Platform,Example response,Default,Keep / rewrite concisely,
AppModel.kt,46,Platform,State / Platform,Fuel,Default,Keep / rewrite concisely,
AppModel.kt,46,Platform,State / Platform,FUEL LEVEL,Default,Keep / rewrite concisely,
AppModel.kt,47,Platform,State / Platform,tcm,Details,Move,YES: inspect default exposure
AppModel.kt,47,Platform,State / Platform,Transmission input speed,Default,Keep / rewrite concisely,
AppModel.kt,47,Platform,State / Platform,TCM,Details,Move,YES: inspect default exposure
AppModel.kt,47,Platform,State / Platform,Vehicle specific,Default,Keep / rewrite concisely,
AppModel.kt,47,Platform,State / Platform,rpm,Default,Keep / rewrite concisely,
AppModel.kt,47,Platform,State / Platform,"2,120",Default,Keep / rewrite concisely,
AppModel.kt,47,Platform,State / Platform,Synthetic only,Default,Keep / rewrite concisely,
AppModel.kt,47,Platform,State / Platform,Transmission,Default,Keep / rewrite concisely,
AppModel.kt,47,Platform,State / Platform,INPUT SPEED,Default,Keep / rewrite concisely,
AppModel.kt,51,Platform,State / Platform,Gauge,Default,Keep / rewrite concisely,
AppModel.kt,51,Platform,State / Platform,◉,Default,Keep / rewrite concisely,
AppModel.kt,51,Platform,State / Platform,Readings,Default,Keep / rewrite concisely,
AppModel.kt,51,Platform,State / Platform,≡,Default,Keep / rewrite concisely,
AppModel.kt,51,Platform,State / Platform,Vehicle,Default,Keep / rewrite concisely,
AppModel.kt,51,Platform,State / Platform,⌂,Default,Keep / rewrite concisely,
AppModel.kt,51,Platform,State / Platform,Settings,Default,Keep / rewrite concisely,
AppModel.kt,51,Platform,State / Platform,⚙,Default,Keep / rewrite concisely,
AppModel.kt,55,Platform,State / Platform,Numeric,Default,Keep / rewrite concisely,
AppModel.kt,55,Platform,State / Platform,Arc,Default,Keep / rewrite concisely,
AppModel.kt,55,Platform,State / Platform,Bar,Default,Keep / rewrite concisely,
AppModel.kt,55,Platform,State / Platform,Trend,Default,Keep / rewrite concisely,
AppModel.kt,55,Platform,State / Platform,Dual,Default,Keep / rewrite concisely,
AppModel.kt,65,defaultGaugePages,State / defaultGaugePages,rpm,Default,Keep / rewrite concisely,
AppModel.kt,66,defaultGaugePages,State / defaultGaugePages,rpm,Default,Keep / rewrite concisely,
AppModel.kt,66,defaultGaugePages,State / defaultGaugePages,coolant,Default,Keep / rewrite concisely,
AppModel.kt,66,defaultGaugePages,State / defaultGaugePages,speed,Default,Keep / rewrite concisely,
AppModel.kt,69,defaultGaugePages,State / defaultGaugePages,page.${index + 1}.${pidId},Details,Move,YES: inspect default exposure
AppModel.kt,77,defaultGaugePages,State / defaultGaugePages,rpm,Default,Keep / rewrite concisely,
AppModel.kt,84,defaultGaugePages,State / defaultGaugePages,ECM,Details,Move,YES: inspect default exposure
AppModel.kt,137,setDebugOtaPauseBeforeActivationMs,State / setDebugOtaPauseBeforeActivationMs,All,Default,Keep / rewrite concisely,
AppModel.kt,144,setDebugOtaPauseBeforeActivationMs,State / setDebugOtaPauseBeforeActivationMs,No gauge connected,Default,Keep / rewrite concisely,
AppModel.kt,167,updateBundle,State / updateBundle,Select a signed update package first,Default,Keep / rewrite concisely,
AppModel.kt,173,updateBundle,State / updateBundle,A previous update was interrupted. Check installed firmware before retrying.,Default,Keep / rewrite concisely,
AppModel.kt,177,updateBundle,State / updateBundle,A previous update was interrupted. Reconnect and check running firmware before retrying.,Default,Keep / rewrite concisely,
AppModel.kt,178,updateBundle,State / updateBundle,No update package selected,Default,Keep / rewrite concisely,
AppModel.kt,182,updateBundle,State / updateBundle,Hosted development updates have not been checked,Default,Keep / rewrite concisely,
AppModel.kt,186,updateBundle,State / updateBundle,Not run on this connection,Default,Keep / rewrite concisely,
AppModel.kt,211,updateBundle,State / updateBundle,Local profile data needs recovery before applying,Default,Keep / rewrite concisely,
AppModel.kt,212,updateBundle,State / updateBundle,Coolant critical limit must exceed warning,Default,Keep / rewrite concisely,
AppModel.kt,214,updateBundle,State / updateBundle,Coolant limits must be within -40 to 215 °C,Default,Keep / rewrite concisely,
AppModel.kt,217,updateBundle,State / updateBundle,Coolant hysteresis does not fit the selected limits,Details,Move,YES: inspect default exposure
AppModel.kt,218,updateBundle,State / updateBundle,Read gauge capabilities first,Default,Keep / rewrite concisely,
AppModel.kt,219,updateBundle,State / updateBundle,Gauge does not offer full configuration writes,Default,Keep / rewrite concisely,
AppModel.kt,227,updateBundle,State / updateBundle,No vehicle discovery session is active,Default,Keep / rewrite concisely,
AppModel.kt,228,updateBundle,State / updateBundle,Selected PID has no responding evidence for this profile and ECU,Details,Move,YES: inspect default exposure
AppModel.kt,229,updateBundle,State / updateBundle,General configuration and vehicle evidence are not implemented,Details,Move,YES: inspect default exposure
AppModel.kt,237,updateBundle,State / updateBundle,41 0C 2C 60,Default,Keep / rewrite concisely,
AppModel.kt,241,updateBundle,State / updateBundle,22 F1 90,Default,Keep / rewrite concisely,
AppModel.kt,243,updateBundle,State / updateBundle,ECM,Details,Move,YES: inspect default exposure
AppModel.kt,270,selectCustomSource,State / selectCustomSource,ECM,Expert,Move,YES: inspect default exposure
AppModel.kt,270,selectCustomSource,State / selectCustomSource,TCM,Expert,Move,YES: inspect default exposure
AppModel.kt,277,selectProfile,State / selectProfile,Could not save the selected vehicle profile,Default,Keep / rewrite concisely,
AppModel.kt,291,createProfile,State / createProfile,Could not save the new vehicle profile,Default,Keep / rewrite concisely,
AppModel.kt,332,connected,State / connected,Gauge found. Pair this phone as owner to send a supported dashboard.,Default,Keep / rewrite concisely,
AppModel.kt,334,connected,State / connected,Gauge identified. Built-in reading selection is available after pairing.,Default,Keep / rewrite concisely,
AppModel.kt,335,connected,State / connected,Gauge identified. Discovery link closed; protocol ${value.protocolMajor} is read only.,Details,Move,YES: inspect default exposure
AppModel.kt,341,selectionApplied,State / selectionApplied,Gauge confirmed built-in reading ${index + 1} of 5.,Default,Keep / rewrite concisely,
AppModel.kt,347,snapshotRead,State / snapshotRead,Gauge saved state read at revision ${value.revision}.,Details,Move,YES: inspect default exposure
AppModel.kt,362,configApplied,State / configApplied,Configuration revision ${value.revision} is healthy and running on the gauge.,Details,Move,YES: inspect default exposure
AppModel.kt,382,configStatusRead,State / configStatusRead,Gauge is using built-in readings. Transfer phase ${value.transferPhase}.,Default,Keep / rewrite concisely,
AppModel.kt,383,configStatusRead,State / configStatusRead,"Gauge active config revision ${value.revision}, SHA-256 ${value.sha256.take(12)}…; ",Details,Move,YES: inspect default exposure
AppModel.kt,384,configStatusRead,State / configStatusRead,"transfer phase ${value.transferPhase}, last result ${value.lastResult}.",Default,Keep / rewrite concisely,
AppModel.kt,391,runtimeIdentityRead,State / runtimeIdentityRead,Gauge is running built-in readings; no custom configuration is active.,Default,Keep / rewrite concisely,
AppModel.kt,393,runtimeIdentityRead,State / runtimeIdentityRead,"Gauge stored revision ${value.storedRevision}, but recovered with executable revision ${value.revision}, SHA-256 ${value.sha256.take(12)}….",Details,Move,YES: inspect default exposure
AppModel.kt,395,runtimeIdentityRead,State / runtimeIdentityRead,"Gauge is validating configuration revision ${value.revision}, SHA-256 ${value.sha256.take(12)}….",Details,Move,YES: inspect default exposure
AppModel.kt,396,runtimeIdentityRead,State / runtimeIdentityRead,"Gauge stored and running configuration revision ${value.revision}, SHA-256 ${value.sha256.take(12)}….",Details,Move,YES: inspect default exposure
AppModel.kt,404,activeDocumentRead,State / activeDocumentRead,0,Default,Keep / rewrite concisely,
AppModel.kt,410,activeDocumentRead,State / activeDocumentRead,Gauge is using built-in readings. No custom document is saved.,Details,Move,YES: inspect default exposure
AppModel.kt,411,activeDocumentRead,State / activeDocumentRead,Saved configuration revision ${value.revision} verified against SHA-256 ${value.sha256.take(12)}…,Details,Move,YES: inspect default exposure
AppModel.kt,412,activeDocumentRead,State / activeDocumentRead,No custom document is saved on the gauge.,Details,Move,YES: inspect default exposure
AppModel.kt,413,activeDocumentRead,State / activeDocumentRead,Verified saved revision ${value.revision}. Compare it with this phone draft below.,Details,Move,YES: inspect default exposure
AppModel.kt,419,adoptGaugeDraft,State / adoptGaugeDraft,Saved settings cannot be mapped safely into this phone profile.,Default,Keep / rewrite concisely,
AppModel.kt,425,adoptGaugeDraft,State / adoptGaugeDraft,Saved revision ${document.revision} copied into the phone draft. The gauge was not changed.,Details,Move,YES: inspect default exposure
AppModel.kt,439,diagnosticsRead,State / diagnosticsRead,Protected diagnostic snapshot read. Vehicle evidence is shown below.,Details,Move,YES: inspect default exposure
AppModel.kt,460,bootIdentityRead,State / bootIdentityRead,Protected running firmware identity read.,Default,Keep / rewrite concisely,
AppModel.kt,464,updatePackageLoaded,State / updatePackageLoaded,%02x,Default,Keep / rewrite concisely,
AppModel.kt,465,updatePackageLoaded,State / updatePackageLoaded,Development signature valid • ${value.image.size} bytes • SHA-256 ${hash.take(12)}…,Details,Move,YES: inspect default exposure
AppModel.kt,473,updateStarted,State / updateStarted,unknown,Default,Keep / rewrite concisely,
AppModel.kt,474,updateStarted,State / updateStarted,%02x,Default,Keep / rewrite concisely,
AppModel.kt,475,updateStarted,State / updateStarted,%02x,Default,Keep / rewrite concisely,
AppModel.kt,476,updateStarted,State / updateStarted,preparing,Default,Keep / rewrite concisely,
AppModel.kt,480,updateStarted,State / updateStarted,Update started. Running identity will be checked if the operation is interrupted.,Default,Keep / rewrite concisely,
AppModel.kt,481,updateStarted,State / updateStarted,Connecting to gauge for signed update…,Default,Keep / rewrite concisely,
AppModel.kt,488,updateProgress,State / updateProgress,unknown,Default,Keep / rewrite concisely,
AppModel.kt,489,updateProgress,State / updateProgress,%02x,Default,Keep / rewrite concisely,
AppModel.kt,490,updateProgress,State / updateProgress,%02x,Default,Keep / rewrite concisely,
AppModel.kt,491,updateProgress,State / updateProgress,transferring,Default,Keep / rewrite concisely,
AppModel.kt,495,updateProgress,State / updateProgress,Sending signed image to gauge • $percent%,Default,Keep / rewrite concisely,
AppModel.kt,500,updateStageChanged,State / updateStageChanged,Preparing firmware update,Default,Keep / rewrite concisely,
AppModel.kt,500,updateStageChanged,State / updateStageChanged,Authenticating the gauge and opening the transfer path,Default,Keep / rewrite concisely,
AppModel.kt,503,updateStageChanged,State / updateStageChanged,Sending firmware,Default,Keep / rewrite concisely,
AppModel.kt,504,updateStageChanged,State / updateStageChanged,Sending the signed image over private gauge Wi-Fi,Default,Keep / rewrite concisely,
AppModel.kt,505,updateStageChanged,State / updateStageChanged,Sending the signed image over Bluetooth,Default,Keep / rewrite concisely,
AppModel.kt,507,updateStageChanged,State / updateStageChanged,Verifying firmware,Default,Keep / rewrite concisely,
AppModel.kt,507,updateStageChanged,State / updateStageChanged,The gauge is checking the complete signed image,Default,Keep / rewrite concisely,
AppModel.kt,510,updateStageChanged,State / updateStageChanged,Firmware verified,Default,Keep / rewrite concisely,
AppModel.kt,511,updateStageChanged,State / updateStageChanged,Debug activation pause active,Default,Keep / rewrite concisely,
AppModel.kt,511,updateStageChanged,State / updateStageChanged,Preparing the alternate image for boot,Default,Keep / rewrite concisely,
AppModel.kt,514,updateStageChanged,State / updateStageChanged,Restarting gauge,Default,Keep / rewrite concisely,
AppModel.kt,514,updateStageChanged,State / updateStageChanged,Booting the verified alternate image,Default,Keep / rewrite concisely,
AppModel.kt,517,updateStageChanged,State / updateStageChanged,Confirming firmware,Default,Keep / rewrite concisely,
AppModel.kt,517,updateStageChanged,State / updateStageChanged,Waiting for the gauge health check and authenticated identity,Default,Keep / rewrite concisely,
AppModel.kt,521,updateStageChanged,State / updateStageChanged,Preparing the authenticated update path…,Default,Keep / rewrite concisely,
AppModel.kt,522,updateStageChanged,State / updateStageChanged,Sending the signed image to the gauge…,Default,Keep / rewrite concisely,
AppModel.kt,523,updateStageChanged,State / updateStageChanged,Transfer complete. Verifying the signed image on the gauge…,Default,Keep / rewrite concisely,
AppModel.kt,525,updateStageChanged,State / updateStageChanged,Firmware verified. Debug activation pause active.,Default,Keep / rewrite concisely,
AppModel.kt,526,updateStageChanged,State / updateStageChanged,Firmware verified. Preparing activation…,Default,Keep / rewrite concisely,
AppModel.kt,527,updateStageChanged,State / updateStageChanged,Firmware activated. The gauge is restarting…,Default,Keep / rewrite concisely,
AppModel.kt,528,updateStageChanged,State / updateStageChanged,Gauge restarted. Confirming the healthy running image…,Default,Keep / rewrite concisely,
AppModel.kt,538,updateSucceeded,State / updateSucceeded,The new firmware is confirmed healthy.,Default,Keep / rewrite concisely,
AppModel.kt,539,updateSucceeded,State / updateSucceeded,Gauge confirmed new image at 0x${value.partitionAddress.toString(16)} • ELF SHA-256 ${value.elfSha256.take(12)}…,Details,Move,YES: inspect default exposure
AppModel.kt,546,updateFailed,State / updateFailed,unknown,Default,Keep / rewrite concisely,
AppModel.kt,547,updateFailed,State / updateFailed,%02x,Default,Keep / rewrite concisely,
AppModel.kt,548,updateFailed,State / updateFailed,%02x,Default,Keep / rewrite concisely,
AppModel.kt,549,updateFailed,State / updateFailed,needs-reconciliation,Default,Keep / rewrite concisely,
AppModel.kt,553,updateFailed,State / updateFailed,The update outcome is unknown. Check installed firmware before retrying.,Default,Keep / rewrite concisely,
AppModel.kt,570,installSelectedUpdate,State / installSelectedUpdate,Installing firmware,Default,Keep / rewrite concisely,
AppModel.kt,571,installSelectedUpdate,State / installSelectedUpdate,Preparing a private gauge Wi-Fi connection,Default,Keep / rewrite concisely,
AppModel.kt,571,installSelectedUpdate,State / installSelectedUpdate,Connecting to the gauge,Default,Keep / rewrite concisely,
AppModel.kt,577,installSelectedUpdate,State / installSelectedUpdate,Sending firmware over private gauge Wi-Fi,Default,Keep / rewrite concisely,
AppModel.kt,578,installSelectedUpdate,State / installSelectedUpdate,Sending firmware over Bluetooth,Default,Keep / rewrite concisely,
AppModel.kt,581,installSelectedUpdate,State / installSelectedUpdate,experimental-softap-aead-v1,Default,Keep / rewrite concisely,
AppModel.kt,582,installSelectedUpdate,State / installSelectedUpdate,experimental-softap-aead-v2,Default,Keep / rewrite concisely,
AppModel.kt,584,installSelectedUpdate,State / installSelectedUpdate,experimental-softap-aead-v2,Default,Keep / rewrite concisely,
AppModel.kt,590,installSelectedUpdate,State / installSelectedUpdate,Firmware installed,Default,Keep / rewrite concisely,
AppModel.kt,590,installSelectedUpdate,State / installSelectedUpdate,The new image is healthy and running,Default,Keep / rewrite concisely,
AppModel.kt,593,installSelectedUpdate,State / installSelectedUpdate,Finish the current gauge operation before installing firmware,Default,Keep / rewrite concisely,
AppModel.kt,595,installSelectedUpdate,State / installSelectedUpdate,Gauge update timed out. Reconnect and read running firmware before retrying.,Default,Keep / rewrite concisely,
AppModel.kt,596,installSelectedUpdate,State / installSelectedUpdate,Firmware update timed out,Default,Keep / rewrite concisely,
AppModel.kt,598,installSelectedUpdate,State / installSelectedUpdate,Update interrupted. Reconnect and read the running firmware before retrying.,Default,Keep / rewrite concisely,
AppModel.kt,599,installSelectedUpdate,State / installSelectedUpdate,Firmware update was interrupted,Default,Keep / rewrite concisely,
AppModel.kt,602,installSelectedUpdate,State / installSelectedUpdate,Gauge connection interrupted during update. Reconnect and read running firmware before retrying. ${error.message},Default,Keep / rewrite concisely,
AppModel.kt,603,installSelectedUpdate,State / installSelectedUpdate,Gauge connection was interrupted,Default,Keep / rewrite concisely,
AppModel.kt,605,installSelectedUpdate,State / installSelectedUpdate,Signed update did not complete,Default,Keep / rewrite concisely,
AppModel.kt,606,installSelectedUpdate,State / installSelectedUpdate,Signed update did not complete,Default,Keep / rewrite concisely,
AppModel.kt,611,discoverGauge,State / discoverGauge,Finding your gauge,Default,Keep / rewrite concisely,
AppModel.kt,613,discoverGauge,State / discoverGauge,Finding your gauge,Default,Keep / rewrite concisely,
AppModel.kt,613,discoverGauge,State / discoverGauge,Keep the gauge powered and nearby,Default,Keep / rewrite concisely,
AppModel.kt,625,discoverGauge,State / discoverGauge,Choose your gauge,Default,Keep / rewrite concisely,
AppModel.kt,625,discoverGauge,State / discoverGauge,${candidates.size} compatible gauges are nearby,Default,Keep / rewrite concisely,
AppModel.kt,631,selectGaugeCandidate,State / selectGaugeCandidate,Connecting to your gauge,Default,Keep / rewrite concisely,
AppModel.kt,637,connectCandidate,State / connectCandidate,Connecting to your gauge,Default,Keep / rewrite concisely,
AppModel.kt,641,connectCandidate,State / connectCandidate,Gauge found,Default,Keep / rewrite concisely,
AppModel.kt,641,connectCandidate,State / connectCandidate,Ready for owner access and supported settings,Default,Keep / rewrite concisely,
AppModel.kt,644,selectReadingOnGauge,State / selectReadingOnGauge,Changing gauge reading,Default,Keep / rewrite concisely,
AppModel.kt,646,selectReadingOnGauge,State / selectReadingOnGauge,rpm,Default,Keep / rewrite concisely,
AppModel.kt,646,selectReadingOnGauge,State / selectReadingOnGauge,speed,Default,Keep / rewrite concisely,
AppModel.kt,646,selectReadingOnGauge,State / selectReadingOnGauge,load,Default,Keep / rewrite concisely,
AppModel.kt,646,selectReadingOnGauge,State / selectReadingOnGauge,coolant,Default,Keep / rewrite concisely,
AppModel.kt,646,selectReadingOnGauge,State / selectReadingOnGauge,fuel,Default,Keep / rewrite concisely,
AppModel.kt,647,selectReadingOnGauge,State / selectReadingOnGauge,This reading is not available in the built-in gauge set,Default,Keep / rewrite concisely,
AppModel.kt,650,selectReadingOnGauge,State / selectReadingOnGauge,Changing gauge reading,Default,Keep / rewrite concisely,
AppModel.kt,650,selectReadingOnGauge,State / selectReadingOnGauge,Waiting for authenticated readback,Default,Keep / rewrite concisely,
AppModel.kt,657,selectReadingOnGauge,State / selectReadingOnGauge,Reading changed,Default,Keep / rewrite concisely,
AppModel.kt,657,selectReadingOnGauge,State / selectReadingOnGauge,The gauge confirmed its saved selection,Default,Keep / rewrite concisely,
AppModel.kt,660,rotateGauge,State / rotateGauge,Rotating display,Details,Move,YES: inspect default exposure
AppModel.kt,661,rotateGauge,State / rotateGauge,Gauge does not offer display rotation control,Details,Move,YES: inspect default exposure
AppModel.kt,663,rotateGauge,State / rotateGauge,Rotating display,Details,Move,YES: inspect default exposure
AppModel.kt,663,rotateGauge,State / rotateGauge,Waiting for saved-state confirmation,Default,Keep / rewrite concisely,
AppModel.kt,666,rotateGauge,State / rotateGauge,Display rotation saved,Details,Move,YES: inspect default exposure
AppModel.kt,666,rotateGauge,State / rotateGauge,The gauge confirmed ${rotation * 90}°,Details,Move,YES: inspect default exposure
AppModel.kt,669,readSavedGauge,State / readSavedGauge,Checking gauge settings,Default,Keep / rewrite concisely,
AppModel.kt,672,readSavedGauge,State / readSavedGauge,Gauge settings checked,Default,Keep / rewrite concisely,
AppModel.kt,672,readSavedGauge,State / readSavedGauge,Saved revision ${savedGauge?.revision ?: 0},Details,Move,YES: inspect default exposure
AppModel.kt,675,sendNumericConfiguration,State / sendNumericConfiguration,Sending gauge setup,Default,Keep / rewrite concisely,
AppModel.kt,677,sendNumericConfiguration,State / sendNumericConfiguration,Gauge does not offer dashboard configuration,Default,Keep / rewrite concisely,
AppModel.kt,681,sendNumericConfiguration,State / sendNumericConfiguration,Refresh gauge settings before sending,Default,Keep / rewrite concisely,
AppModel.kt,682,sendNumericConfiguration,State / sendNumericConfiguration,Refresh gauge settings before sending,Default,Keep / rewrite concisely,
AppModel.kt,684,sendNumericConfiguration,State / sendNumericConfiguration,Sending gauge setup,Default,Keep / rewrite concisely,
AppModel.kt,684,sendNumericConfiguration,State / sendNumericConfiguration,Checking the current saved revision,Details,Move,YES: inspect default exposure
AppModel.kt,690,sendNumericConfiguration,State / sendNumericConfiguration,Setup running on gauge,Default,Keep / rewrite concisely,
AppModel.kt,690,sendNumericConfiguration,State / sendNumericConfiguration,Revision ${applied.revision} is healthy and active,Details,Move,YES: inspect default exposure
AppModel.kt,693,readConfiguration,State / readConfiguration,Checking running setup,Default,Keep / rewrite concisely,
AppModel.kt,697,readConfiguration,State / readConfiguration,Checking running setup,Default,Keep / rewrite concisely,
AppModel.kt,697,readConfiguration,State / readConfiguration,Comparing saved and running revisions,Details,Move,YES: inspect default exposure
AppModel.kt,701,readConfiguration,State / readConfiguration,Gauge recovered an earlier setup,Default,Keep / rewrite concisely,
AppModel.kt,701,readConfiguration,State / readConfiguration,Running setup checked,Default,Keep / rewrite concisely,
AppModel.kt,705,readConfigurationDocument,State / readConfigurationDocument,Reading saved setup,Default,Keep / rewrite concisely,
AppModel.kt,709,readConfigurationDocument,State / readConfigurationDocument,Saved setup checked,Default,Keep / rewrite concisely,
AppModel.kt,712,readGaugeDiagnostics,State / readGaugeDiagnostics,Checking vehicle faults,Default,Keep / rewrite concisely,
AppModel.kt,715,readGaugeDiagnostics,State / readGaugeDiagnostics,Vehicle fault snapshot checked,Default,Keep / rewrite concisely,
AppModel.kt,715,readGaugeDiagnostics,State / readGaugeDiagnostics,Fresh when read from the gauge,Default,Keep / rewrite concisely,
AppModel.kt,718,readRunningFirmware,State / readRunningFirmware,Checking firmware,Default,Keep / rewrite concisely,
AppModel.kt,721,readRunningFirmware,State / readRunningFirmware,Firmware checked,Default,Keep / rewrite concisely,
AppModel.kt,724,readHardwareCapacity,State / readHardwareCapacity,Checking hardware,Expert,Move,
AppModel.kt,726,readHardwareCapacity,State / readHardwareCapacity,Gauge firmware does not offer hardware capacity polling,Expert,Move,
AppModel.kt,731,readHardwareCapacity,State / readHardwareCapacity,Protected hardware capacity snapshot read.,Expert,Move,
AppModel.kt,733,readHardwareCapacity,State / readHardwareCapacity,Hardware checked,Expert,Move,
AppModel.kt,733,readHardwareCapacity,State / readHardwareCapacity,"Live memory, flash, processor, and subsystem state",Expert,Move,
AppModel.kt,737,runWifiTransportSecurityCheck,State / runWifiTransportSecurityCheck,Checking Wi-Fi transport security,Expert,Move,
AppModel.kt,739,runWifiTransportSecurityCheck,State / runWifiTransportSecurityCheck,experimental-softap-aead-v2,Expert,Move,
AppModel.kt,740,runWifiTransportSecurityCheck,State / runWifiTransportSecurityCheck,Gauge does not offer the authenticated Wi-Fi transport,Expert,Move,
AppModel.kt,745,runWifiTransportSecurityCheck,State / runWifiTransportSecurityCheck,Checking Wi-Fi transport security,Expert,Move,
AppModel.kt,745,runWifiTransportSecurityCheck,State / runWifiTransportSecurityCheck,Opening an owner-authenticated temporary session,Expert,Move,
AppModel.kt,746,runWifiTransportSecurityCheck,State / runWifiTransportSecurityCheck,"Running wrong-session, wrong-key, and replay checks",Expert,Move,
AppModel.kt,750,runWifiTransportSecurityCheck,State / runWifiTransportSecurityCheck,Confirming rejected frames cannot reach a protected command,Expert,Move,
AppModel.kt,755,runWifiTransportSecurityCheck,State / runWifiTransportSecurityCheck,Gauge did not reject every negative Wi-Fi transport probe,Expert,Move,
AppModel.kt,757,runWifiTransportSecurityCheck,State / runWifiTransportSecurityCheck,"Passed: wrong session, wrong key, and replay were rejected",Expert,Move,
AppModel.kt,759,runWifiTransportSecurityCheck,State / runWifiTransportSecurityCheck,Wi-Fi security check passed,Expert,Move,
AppModel.kt,761,runWifiTransportSecurityCheck,State / runWifiTransportSecurityCheck,Failed: ${error.message ?: ,Expert,Move,
AppModel.kt,761,runWifiTransportSecurityCheck,State / runWifiTransportSecurityCheck,},Expert,Move,
AppModel.kt,776,launchGaugeOperation,State / launchGaugeOperation,Finish the current gauge operation before starting another,Default,Keep / rewrite concisely,
AppModel.kt,779,launchGaugeOperation,State / launchGaugeOperation,$title was interrupted,Default,Keep / rewrite concisely,
AppModel.kt,783,launchGaugeOperation,State / launchGaugeOperation,$title did not complete,Default,Keep / rewrite concisely,
AppModel.kt,799,operationDetail,State / operationDetail,Checking the current saved revision,Details,Move,YES: inspect default exposure
AppModel.kt,800,operationDetail,State / operationDetail,Sending the exact reviewed pages and alert,Default,Keep / rewrite concisely,
AppModel.kt,801,operationDetail,State / operationDetail,Verifying the complete setup,Default,Keep / rewrite concisely,
AppModel.kt,802,operationDetail,State / operationDetail,Setup saved; waiting for restart,Default,Keep / rewrite concisely,
AppModel.kt,803,operationDetail,State / operationDetail,Gauge is restarting,Default,Keep / rewrite concisely,
AppModel.kt,804,operationDetail,State / operationDetail,Checking that the new setup is healthy and running,Default,Keep / rewrite concisely,
AppModel.kt,815,checkHostedFirmware,State / checkHostedFirmware,Find the gauge before checking firmware compatibility,Default,Keep / rewrite concisely,
AppModel.kt,824,checkHostedFirmware,State / checkHostedFirmware,Checking for firmware,Default,Keep / rewrite concisely,
AppModel.kt,824,checkHostedFirmware,State / checkHostedFirmware,Reading the installed gauge version,Default,Keep / rewrite concisely,
AppModel.kt,829,checkHostedFirmware,State / checkHostedFirmware,Checking signed GitHub releases,Details,Move,YES: inspect default exposure
AppModel.kt,834,checkHostedFirmware,State / checkHostedFirmware,Compatible development firmware ${update.release.version} is available,Default,Keep / rewrite concisely,
AppModel.kt,836,checkHostedFirmware,State / checkHostedFirmware,Installed ${running.version} is up to date,Default,Keep / rewrite concisely,
AppModel.kt,839,checkHostedFirmware,State / checkHostedFirmware,Firmware check complete,Default,Keep / rewrite concisely,
AppModel.kt,842,checkHostedFirmware,State / checkHostedFirmware,Finish the current gauge operation before checking for firmware,Default,Keep / rewrite concisely,
AppModel.kt,844,checkHostedFirmware,State / checkHostedFirmware,Hosted update check was interrupted,Default,Keep / rewrite concisely,
AppModel.kt,847,checkHostedFirmware,State / checkHostedFirmware,Could not check hosted firmware,Default,Keep / rewrite concisely,
AppModel.kt,859,downloadHostedFirmware,State / downloadHostedFirmware,Downloading and verifying ${available.release.version},Default,Keep / rewrite concisely,
AppModel.kt,864,downloadHostedFirmware,State / downloadHostedFirmware,GitHub development firmware ${downloaded.release.version} verified and ready,Details,Move,YES: inspect default exposure
AppModel.kt,865,downloadHostedFirmware,State / downloadHostedFirmware,Download verified. Review and install when the gauge has stable power.,Default,Keep / rewrite concisely,
AppModel.kt,867,downloadHostedFirmware,State / downloadHostedFirmware,Firmware download was interrupted,Default,Keep / rewrite concisely,
AppModel.kt,870,downloadHostedFirmware,State / downloadHostedFirmware,Hosted firmware download failed,Default,Keep / rewrite concisely,
AppModel.kt,889,selectPage,State / selectPage,ECM,Details,Move,YES: inspect default exposure
AppModel.kt,895,addPage,State / addPage,page.custom.$it,Default,Keep / rewrite concisely,
AppModel.kt,896,addPage,State / addPage,page.custom.$sequence,Default,Keep / rewrite concisely,
AppModel.kt,896,addPage,State / addPage,ENGINE RPM,Default,Keep / rewrite concisely,
AppModel.kt,897,addPage,State / addPage,rpm,Default,Keep / rewrite concisely,
AppModel.kt,899,addPage,State / addPage,rpm,Default,Keep / rewrite concisely,
AppModel.kt,899,addPage,State / addPage,ECM,Details,Move,YES: inspect default exposure
AppModel.kt,964,setSecondAdapterEnabled,State / setSecondAdapterEnabled,TCM,Expert,Move,YES: inspect default exposure
AppModel.kt,965,setSecondAdapterEnabled,State / setSecondAdapterEnabled,Move the selected transmission reading to the primary adapter before disabling the second adapter,Expert,Move,
AppModel.kt,971,setSecondAdapterEnabled,State / setSecondAdapterEnabled,Could not save advanced connection settings,Expert,Move,
AppModel.kt,980,save,State / save,Could not save changes on this phone,Default,Keep / rewrite concisely,
